industry,table,businesses,total,pct,class
food_beverage,entity,597,597,100.0,CORE
food_beverage,industry_food_beverage,595,597,99.7,CORE
food_beverage,v_industry_facts_slugs,595,597,99.7,CORE
food_beverage,search_index,592,597,99.2,CORE
food_beverage,entity_completeness_v,585,597,98.0,CORE
food_beverage,entity_theme,530,597,88.8,CORE
food_beverage,entity_tags,432,597,72.4,CORE
food_beverage,ai_data_completeness_audit_full,408,597,68.3,CORE
food_beverage,ai_entity_intent_tags_full,408,597,68.3,CORE
food_beverage,ai_entity_profiles_full,408,597,68.3,CORE
food_beverage,entity_photos,388,597,65.0,CORE
food_beverage,entity_modules,374,597,62.6,CORE
food_beverage,ai_photo_index_full,373,597,62.5,CORE
food_beverage,entity_hours,359,597,60.1,CORE
food_beverage,entity_attributes,326,597,54.6,COMMON
food_beverage,entity_google_maps_links,320,597,53.6,COMMON
food_beverage,entity_nearby_landmarks,319,597,53.4,COMMON
food_beverage,entity_google_reviews,315,597,52.8,COMMON
food_beverage,entity_nearby_landmark_types,315,597,52.8,COMMON
food_beverage,entity_reviews,315,597,52.8,COMMON
food_beverage,entity_address_areas,200,597,33.5,COMMON
food_beverage,catalog_sections,185,597,31.0,COMMON
food_beverage,catalog_section_days,181,597,30.3,COMMON
food_beverage,entity_offer,176,597,29.5,COMMON
food_beverage,entity_offer_section,175,597,29.3,COMMON
food_beverage,entity_items_norm_v,163,597,27.3,COMMON
food_beverage,entity_items_v,163,597,27.3,COMMON
food_beverage,catalog_items,158,597,26.5,COMMON
food_beverage,menu_sections,152,597,25.5,COMMON
food_beverage,menu_items,148,597,24.8,COMMON
food_beverage,menu_section_days,148,597,24.8,COMMON
food_beverage,menu_section_details,148,597,24.8,COMMON
food_beverage,legacy_photo_migration_queue,145,597,24.3,COMMON
food_beverage,ai_unified_search_items_full,144,597,24.1,COMMON
food_beverage,entity_sources,121,597,20.3,COMMON
food_beverage,recovery_import_log,116,597,19.4,COMMON
food_beverage,entity_conflicts,96,597,16.1,COMMON
food_beverage,entity_events,87,597,14.6,PARTIAL
food_beverage,ai_event_planner_index_full,68,597,11.4,PARTIAL
food_beverage,entity_secondary_hours,67,597,11.2,PARTIAL
food_beverage,happy_hour_sections,61,597,10.2,PARTIAL
food_beverage,tourist_seen,55,597,9.2,PARTIAL
food_beverage,tourist_swipe_events,55,597,9.2,PARTIAL
food_beverage,entity_highlights,49,597,8.2,PARTIAL
food_beverage,entity_good_for,48,597,8.0,PARTIAL
food_beverage,drink_items,32,597,5.4,PARTIAL
food_beverage,drink_sections,32,597,5.4,PARTIAL
food_beverage,ai_data_quality_audit,28,597,4.7,PARTIAL
food_beverage,ai_data_quality_issues,28,597,4.7,PARTIAL
food_beverage,ai_planner_intent_tags,28,597,4.7,PARTIAL
food_beverage,ai_planner_profile_tags,28,597,4.7,PARTIAL
food_beverage,ai_planner_profiles,28,597,4.7,PARTIAL
food_beverage,ai_voice_snippets,28,597,4.7,PARTIAL
food_beverage,ai_menu_item_tag_values,27,597,4.5,PARTIAL
food_beverage,ai_menu_item_tags,27,597,4.5,PARTIAL
food_beverage,happy_hour_items,25,597,4.2,PARTIAL
food_beverage,entity_specials,22,597,3.7,PARTIAL
food_beverage,menu_item_details,22,597,3.7,PARTIAL
food_beverage,entity_amenities,21,597,3.5,PARTIAL
food_beverage,tourist_saves,21,597,3.5,PARTIAL
food_beverage,ai_drink_item_tag_values,19,597,3.2,PARTIAL
food_beverage,ai_drink_item_tags,19,597,3.2,PARTIAL
food_beverage,entity_policies,15,597,2.5,PARTIAL
food_beverage,entity_seo,15,597,2.5,PARTIAL
food_beverage,entity_sections,13,597,2.2,PARTIAL
food_beverage,entity_seo_keywords,6,597,1.0,PARTIAL
food_beverage,entity_known_for,5,597,0.8,PARTIAL
food_beverage,happy_hour_section_days,5,597,0.8,PARTIAL
food_beverage,bookable_resources,4,597,0.7,PARTIAL
food_beverage,bookable_resources_json_backup,4,597,0.7,PARTIAL
food_beverage,menu_item_tags,3,597,0.5,PARTIAL
food_beverage,menu_period_days,3,597,0.5,PARTIAL
food_beverage,menu_periods,3,597,0.5,PARTIAL
food_beverage,entity_faqs,2,597,0.3,PARTIAL
food_beverage,entity_gallery,2,597,0.3,PARTIAL
food_beverage,pricing_items,1,597,0.2,PARTIAL
food_beverage,entity_rotating_section_items,1,597,0.2,PARTIAL
food_beverage,entity_rotating_sections,1,597,0.2,PARTIAL
food_beverage,entity_sides,1,597,0.2,PARTIAL
food_beverage,tourist_click_events,1,597,0.2,PARTIAL
food_beverage,drink_section_days,1,597,0.2,PARTIAL
food_beverage,entity_section_items,1,597,0.2,PARTIAL
food_beverage,menu_item_preparation_choices,1,597,0.2,PARTIAL
food_beverage,menu_item_requirements,1,597,0.2,PARTIAL
food_beverage,menu_item_served_with,1,597,0.2,PARTIAL
food_beverage,offerings,1,597,0.2,PARTIAL
food_beverage,entity_fuel_prices,1,597,0.2,PARTIAL
retail,entity,541,541,100.0,CORE
retail,search_index,540,541,99.8,CORE
retail,industry_retail,538,541,99.4,CORE
retail,v_industry_facts_slugs,538,541,99.4,CORE
retail,entity_completeness_v,533,541,98.5,CORE
retail,entity_theme,522,541,96.5,CORE
retail,entity_tags,388,541,71.7,CORE
retail,ai_data_completeness_audit_full,352,541,65.1,CORE
retail,ai_entity_intent_tags_full,352,541,65.1,CORE
retail,ai_entity_profiles_full,352,541,65.1,CORE
retail,entity_modules,341,541,63.0,CORE
retail,entity_photos,335,541,61.9,CORE
retail,entity_attributes,328,541,60.6,CORE
retail,entity_hours,321,541,59.3,COMMON
retail,entity_google_maps_links,313,541,57.9,COMMON
retail,ai_photo_index_full,312,541,57.7,COMMON
retail,entity_nearby_landmarks,309,541,57.1,COMMON
retail,entity_nearby_landmark_types,308,541,56.9,COMMON
retail,entity_google_reviews,307,541,56.7,COMMON
retail,entity_reviews,307,541,56.7,COMMON
retail,entity_address_areas,223,541,41.2,COMMON
retail,recovery_import_log,128,541,23.7,COMMON
retail,legacy_photo_migration_queue,105,541,19.4,COMMON
retail,entity_sources,67,541,12.4,PARTIAL
retail,entity_seo,21,541,3.9,PARTIAL
retail,entity_conflicts,21,541,3.9,PARTIAL
retail,entity_sections,17,541,3.1,PARTIAL
retail,entity_seo_keywords,16,541,3.0,PARTIAL
retail,entity_highlights,10,541,1.8,PARTIAL
retail,entity_good_for,9,541,1.7,PARTIAL
retail,entity_secondary_hours,8,541,1.5,PARTIAL
retail,entity_items_norm_v,7,541,1.3,PARTIAL
retail,entity_items_v,7,541,1.3,PARTIAL
retail,entity_offer,7,541,1.3,PARTIAL
retail,ai_unified_search_items_full,6,541,1.1,PARTIAL
retail,catalog_items,5,541,0.9,PARTIAL
retail,catalog_section_days,5,541,0.9,PARTIAL
retail,catalog_sections,5,541,0.9,PARTIAL
retail,entity_offer_section,5,541,0.9,PARTIAL
retail,inventory_items,5,541,0.9,PARTIAL
retail,menu_items,5,541,0.9,PARTIAL
retail,menu_section_days,5,541,0.9,PARTIAL
retail,menu_section_details,5,541,0.9,PARTIAL
retail,menu_sections,5,541,0.9,PARTIAL
retail,products,5,541,0.9,PARTIAL
retail,entity_events,3,541,0.6,PARTIAL
retail,entity_known_for,3,541,0.6,PARTIAL
retail,bookable_resources,2,541,0.4,PARTIAL
retail,bookable_resources_json_backup,2,541,0.4,PARTIAL
retail,ai_event_planner_index_full,2,541,0.4,PARTIAL
retail,drink_items,1,541,0.2,PARTIAL
retail,drink_sections,1,541,0.2,PARTIAL
retail,offerings,1,541,0.2,PARTIAL
retail,entity_faqs,1,541,0.2,PARTIAL
retail,faqs,1,541,0.2,PARTIAL
other,entity,452,452,100.0,CORE
other,entity_completeness_v,451,452,99.8,CORE
other,search_index,451,452,99.8,CORE
other,entity_theme,450,452,99.6,CORE
other,entity_tags,364,452,80.5,CORE
other,entity_photos,318,452,70.4,CORE
other,ai_data_completeness_audit_full,286,452,63.3,CORE
other,ai_entity_intent_tags_full,286,452,63.3,CORE
other,ai_entity_profiles_full,286,452,63.3,CORE
other,entity_modules,267,452,59.1,COMMON
other,entity_google_maps_links,253,452,56.0,COMMON
other,ai_photo_index_full,252,452,55.8,COMMON
other,entity_nearby_landmarks,234,452,51.8,COMMON
other,entity_nearby_landmark_types,229,452,50.7,COMMON
other,entity_attributes,228,452,50.4,COMMON
other,entity_reviews,226,452,50.0,COMMON
other,entity_google_reviews,225,452,49.8,COMMON
other,entity_offer,224,452,49.6,COMMON
other,entity_items_norm_v,221,452,48.9,COMMON
other,entity_items_v,221,452,48.9,COMMON
other,entity_hours,218,452,48.2,COMMON
other,bookable_resources,212,452,46.9,COMMON
other,bookable_resources_json_backup,211,452,46.7,COMMON
other,entity_address_areas,144,452,31.9,COMMON
other,entity_sources,120,452,26.5,COMMON
other,recovery_import_log,59,452,13.1,PARTIAL
other,legacy_photo_migration_queue,49,452,10.8,PARTIAL
other,entity_seo,32,452,7.1,PARTIAL
other,offerings,11,452,2.4,PARTIAL
other,entity_good_for,9,452,2.0,PARTIAL
other,entity_highlights,9,452,2.0,PARTIAL
other,offering_prices,9,452,2.0,PARTIAL
other,entity_sections,9,452,2.0,PARTIAL
other,entity_conflicts,9,452,2.0,PARTIAL
other,entity_seo_keywords,8,452,1.8,PARTIAL
other,entity_secondary_hours,7,452,1.5,PARTIAL
other,entity_events,6,452,1.3,PARTIAL
other,entity_section_items,3,452,0.7,PARTIAL
other,tourist_seen,3,452,0.7,PARTIAL
other,tourist_swipe_events,3,452,0.7,PARTIAL
other,catalog_items,2,452,0.4,PARTIAL
other,catalog_section_days,2,452,0.4,PARTIAL
other,catalog_sections,2,452,0.4,PARTIAL
other,entity_offer_section,2,452,0.4,PARTIAL
other,menu_items,2,452,0.4,PARTIAL
other,menu_section_days,2,452,0.4,PARTIAL
other,menu_section_details,2,452,0.4,PARTIAL
other,menu_sections,2,452,0.4,PARTIAL
other,requirements,2,452,0.4,PARTIAL
other,ai_event_planner_index_full,2,452,0.4,PARTIAL
other,ai_unified_search_items_full,2,452,0.4,PARTIAL
other,entity_amenities,1,452,0.2,PARTIAL
other,entity_policies,1,452,0.2,PARTIAL
other,entity_section_items_metadata_backup,1,452,0.2,PARTIAL
other,vessels,1,452,0.2,PARTIAL
(none),artist_profiles,390,417,93.5,CORE
(none),ai_data_completeness_audit_full,19,417,4.6,PARTIAL
(none),ai_entity_intent_tags_full,19,417,4.6,PARTIAL
(none),ai_entity_profiles_full,19,417,4.6,PARTIAL
(none),ai_photo_index_full,19,417,4.6,PARTIAL
(none),entity_modules,18,417,4.3,PARTIAL
(none),entity,4,417,1.0,PARTIAL
(none),entity_completeness_v,4,417,1.0,PARTIAL
(none),entity_photos,3,417,0.7,PARTIAL
(none),entity_theme,3,417,0.7,PARTIAL
(none),search_index,3,417,0.7,PARTIAL
(none),bookable_resources,2,417,0.5,PARTIAL
(none),bookable_resources_json_backup,2,417,0.5,PARTIAL
(none),entity_google_maps_links,2,417,0.5,PARTIAL
(none),entity_items_norm_v,2,417,0.5,PARTIAL
(none),entity_items_v,2,417,0.5,PARTIAL
(none),entity_offer,2,417,0.5,PARTIAL
(none),entity_tags,2,417,0.5,PARTIAL
(none),entity_address_areas,1,417,0.2,PARTIAL
(none),entity_attributes,1,417,0.2,PARTIAL
(none),entity_google_reviews,1,417,0.2,PARTIAL
(none),entity_nearby_landmark_types,1,417,0.2,PARTIAL
(none),entity_nearby_landmarks,1,417,0.2,PARTIAL
(none),entity_reviews,1,417,0.2,PARTIAL
(none),industry_hotel,1,417,0.2,PARTIAL
(none),v_industry_facts_slugs,1,417,0.2,PARTIAL
(none),recovery_import_log,1,417,0.2,PARTIAL
(none),entity_faqs,1,417,0.2,PARTIAL
(none),place_facts,1,417,0.2,PARTIAL
(none),songs,1,417,0.2,PARTIAL
(none),entity_amenities,1,417,0.2,PARTIAL
(none),tourist_seen,1,417,0.2,PARTIAL
(none),tourist_swipe_events,1,417,0.2,PARTIAL
condo,entity,295,295,100.0,CORE
condo,entity_completeness_v,295,295,100.0,CORE
condo,industry_condo,295,295,100.0,CORE
condo,v_industry_facts_slugs,295,295,100.0,CORE
condo,search_index,283,295,95.9,CORE
condo,entity_theme,260,295,88.1,CORE
condo,entity_modules,186,295,63.1,CORE
condo,entity_tags,176,295,59.7,COMMON
condo,entity_photos,159,295,53.9,COMMON
condo,entity_sources,123,295,41.7,COMMON
condo,entity_items_norm_v,121,295,41.0,COMMON
condo,entity_items_v,121,295,41.0,COMMON
condo,ai_data_completeness_audit_full,120,295,40.7,COMMON
condo,ai_entity_intent_tags_full,120,295,40.7,COMMON
condo,ai_entity_profiles_full,120,295,40.7,COMMON
condo,entity_offer,120,295,40.7,COMMON
condo,bookable_resources,119,295,40.3,COMMON
condo,bookable_resources_json_backup,119,295,40.3,COMMON
condo,ai_photo_index_full,108,295,36.6,COMMON
condo,entity_section_items,108,295,36.6,COMMON
condo,entity_section_items_metadata_backup,108,295,36.6,COMMON
condo,entity_sections,108,295,36.6,COMMON
condo,rental_units,107,295,36.3,COMMON
condo,entity_reviews,100,295,33.9,COMMON
condo,entity_google_maps_links,91,295,30.8,COMMON
condo,entity_nearby_landmarks,91,295,30.8,COMMON
condo,entity_attributes,89,295,30.2,COMMON
condo,entity_nearby_landmark_types,88,295,29.8,COMMON
condo,entity_google_reviews,83,295,28.1,COMMON
condo,entity_address_areas,76,295,25.8,COMMON
condo,entity_hours,69,295,23.4,COMMON
condo,entity_amenities,59,295,20.0,COMMON
condo,legacy_photo_migration_queue,53,295,18.0,COMMON
condo,entity_conflicts,38,295,12.9,PARTIAL
condo,recovery_import_log,27,295,9.2,PARTIAL
condo,tourist_seen,25,295,8.5,PARTIAL
condo,tourist_swipe_events,25,295,8.5,PARTIAL
condo,entity_seo,17,295,5.8,PARTIAL
condo,entity_faqs,15,295,5.1,PARTIAL
condo,faqs,15,295,5.1,PARTIAL
condo,entity_external_listing,5,295,1.7,PARTIAL
condo,entity_specials,3,295,1.0,PARTIAL
condo,entity_good_for,2,295,0.7,PARTIAL
condo,entity_highlights,2,295,0.7,PARTIAL
condo,amenities,2,295,0.7,PARTIAL
condo,entity_events,1,295,0.3,PARTIAL
condo,industry_vacation_rental,1,295,0.3,PARTIAL
condo,tourist_saves,1,295,0.3,PARTIAL
condo,offering_prices,1,295,0.3,PARTIAL
condo,offerings,1,295,0.3,PARTIAL
condo,offerings_details_backup,1,295,0.3,PARTIAL
condo,requirements,1,295,0.3,PARTIAL
condo,whats_included,1,295,0.3,PARTIAL
condo,entity_policies,1,295,0.3,PARTIAL
condo,property_details,1,295,0.3,PARTIAL
charter_fishing,entity,193,193,100.0,CORE
charter_fishing,entity_completeness_v,193,193,100.0,CORE
charter_fishing,search_index,192,193,99.5,CORE
charter_fishing,entity_theme,191,193,99.0,CORE
charter_fishing,industry_charter_fishing,191,193,99.0,CORE
charter_fishing,v_industry_facts_slugs,191,193,99.0,CORE
charter_fishing,entity_tags,183,193,94.8,CORE
charter_fishing,entity_photos,138,193,71.5,CORE
charter_fishing,entity_attributes,130,193,67.4,CORE
charter_fishing,entity_sources,106,193,54.9,COMMON
charter_fishing,entity_modules,105,193,54.4,COMMON
charter_fishing,ai_data_completeness_audit_full,103,193,53.4,COMMON
charter_fishing,ai_entity_intent_tags_full,103,193,53.4,COMMON
charter_fishing,ai_entity_profiles_full,103,193,53.4,COMMON
charter_fishing,ai_photo_index_full,98,193,50.8,COMMON
charter_fishing,entity_offer,97,193,50.3,COMMON
charter_fishing,entity_google_maps_links,95,193,49.2,COMMON
charter_fishing,entity_hours,93,193,48.2,COMMON
charter_fishing,entity_google_reviews,90,193,46.6,COMMON
charter_fishing,entity_reviews,90,193,46.6,COMMON
charter_fishing,entity_nearby_landmark_types,89,193,46.1,COMMON
charter_fishing,entity_nearby_landmarks,89,193,46.1,COMMON
charter_fishing,entity_items_norm_v,88,193,45.6,COMMON
charter_fishing,entity_items_v,88,193,45.6,COMMON
charter_fishing,offerings,83,193,43.0,COMMON
charter_fishing,legacy_photo_migration_queue,73,193,37.8,COMMON
charter_fishing,offering_prices,69,193,35.8,COMMON
charter_fishing,whats_included,62,193,32.1,COMMON
charter_fishing,entity_offer_fee,50,193,25.9,COMMON
charter_fishing,offerings_details_backup,50,193,25.9,COMMON
charter_fishing,requirements,49,193,25.4,COMMON
charter_fishing,entity_address_areas,29,193,15.0,COMMON
charter_fishing,tourist_seen,26,193,13.5,PARTIAL
charter_fishing,tourist_swipe_events,26,193,13.5,PARTIAL
charter_fishing,bookable_resources,21,193,10.9,PARTIAL
charter_fishing,charter_fishing_type,17,193,8.8,PARTIAL
charter_fishing,vessels,15,193,7.8,PARTIAL
charter_fishing,entity_conflicts,15,193,7.8,PARTIAL
charter_fishing,entity_sections,13,193,6.7,PARTIAL
charter_fishing,entity_seo_keywords,12,193,6.2,PARTIAL
charter_fishing,tourist_saves,11,193,5.7,PARTIAL
charter_fishing,entity_section_items,9,193,4.7,PARTIAL
charter_fishing,bookable_resources_json_backup,6,193,3.1,PARTIAL
charter_fishing,entity_amenities,6,193,3.1,PARTIAL
charter_fishing,entity_seo,6,193,3.1,PARTIAL
charter_fishing,entity_highlights,5,193,2.6,PARTIAL
charter_fishing,recovery_import_log,5,193,2.6,PARTIAL
charter_fishing,pricing_items,4,193,2.1,PARTIAL
charter_fishing,entity_policies,3,193,1.6,PARTIAL
charter_fishing,entity_faqs,2,193,1.0,PARTIAL
charter_fishing,entity_good_for,2,193,1.0,PARTIAL
charter_fishing,meeting_points,2,193,1.0,PARTIAL
charter_fishing,whats_excluded,2,193,1.0,PARTIAL
charter_fishing,entity_secondary_hours,1,193,0.5,PARTIAL
charter_fishing,entity_section_items_metadata_backup,1,193,0.5,PARTIAL
charter_fishing,entity_known_for,1,193,0.5,PARTIAL
charter_fishing,faqs,1,193,0.5,PARTIAL
charter_fishing,tourist_click_events,1,193,0.5,PARTIAL
charter_fishing,entity_refund_policy,1,193,0.5,PARTIAL
outdoor_recreation,entity,191,191,100.0,CORE
outdoor_recreation,entity_completeness_v,191,191,100.0,CORE
outdoor_recreation,search_index,191,191,100.0,CORE
outdoor_recreation,v_industry_facts_slugs,188,191,98.4,CORE
outdoor_recreation,industry_outdoor_recreation,186,191,97.4,CORE
outdoor_recreation,entity_theme,184,191,96.3,CORE
outdoor_recreation,entity_tags,163,191,85.3,CORE
outdoor_recreation,ai_data_completeness_audit_full,134,191,70.2,CORE
outdoor_recreation,ai_entity_intent_tags_full,134,191,70.2,CORE
outdoor_recreation,ai_entity_profiles_full,134,191,70.2,CORE
outdoor_recreation,entity_modules,134,191,70.2,CORE
outdoor_recreation,entity_google_maps_links,129,191,67.5,CORE
outdoor_recreation,entity_photos,128,191,67.0,CORE
outdoor_recreation,ai_photo_index_full,126,191,66.0,CORE
outdoor_recreation,entity_attributes,122,191,63.9,CORE
outdoor_recreation,entity_google_reviews,120,191,62.8,CORE
outdoor_recreation,entity_reviews,120,191,62.8,CORE
outdoor_recreation,entity_nearby_landmarks,107,191,56.0,COMMON
outdoor_recreation,entity_nearby_landmark_types,92,191,48.2,COMMON
outdoor_recreation,entity_address_areas,81,191,42.4,COMMON
outdoor_recreation,entity_hours,81,191,42.4,COMMON
outdoor_recreation,entity_sources,44,191,23.0,COMMON
outdoor_recreation,legacy_photo_migration_queue,44,191,23.0,COMMON
outdoor_recreation,recovery_import_log,24,191,12.6,PARTIAL
outdoor_recreation,entity_offer,20,191,10.5,PARTIAL
outdoor_recreation,entity_items_norm_v,14,191,7.3,PARTIAL
outdoor_recreation,entity_items_v,14,191,7.3,PARTIAL
outdoor_recreation,entity_sections,11,191,5.8,PARTIAL
outdoor_recreation,entity_conflicts,11,191,5.8,PARTIAL
outdoor_recreation,entity_seo_keywords,10,191,5.2,PARTIAL
outdoor_recreation,entity_events,9,191,4.7,PARTIAL
outdoor_recreation,bookable_resources,9,191,4.7,PARTIAL
outdoor_recreation,bookable_resources_json_backup,9,191,4.7,PARTIAL
outdoor_recreation,entity_seo,7,191,3.7,PARTIAL
outdoor_recreation,entity_section_items,3,191,1.6,PARTIAL
outdoor_recreation,offering_prices,2,191,1.0,PARTIAL
outdoor_recreation,offerings,2,191,1.0,PARTIAL
outdoor_recreation,tourist_seen,2,191,1.0,PARTIAL
outdoor_recreation,tourist_swipe_events,2,191,1.0,PARTIAL
outdoor_recreation,entity_good_for,1,191,0.5,PARTIAL
outdoor_recreation,entity_highlights,1,191,0.5,PARTIAL
outdoor_recreation,ai_event_planner_index_full,1,191,0.5,PARTIAL
outdoor_recreation,ai_unified_search_items_full,1,191,0.5,PARTIAL
outdoor_recreation,industry_attraction,1,191,0.5,PARTIAL
outdoor_recreation,industry_retail,1,191,0.5,PARTIAL
outdoor_recreation,entity_amenities,1,191,0.5,PARTIAL
hotel,entity,189,189,100.0,CORE
hotel,industry_hotel,189,189,100.0,CORE
hotel,search_index,189,189,100.0,CORE
hotel,v_industry_facts_slugs,189,189,100.0,CORE
hotel,entity_completeness_v,188,189,99.5,CORE
hotel,entity_theme,187,189,98.9,CORE
hotel,ai_data_completeness_audit_full,173,189,91.5,CORE
hotel,ai_entity_intent_tags_full,173,189,91.5,CORE
hotel,ai_entity_profiles_full,173,189,91.5,CORE
hotel,entity_modules,169,189,89.4,CORE
hotel,entity_tags,157,189,83.1,CORE
hotel,entity_google_maps_links,147,189,77.8,CORE
hotel,entity_nearby_landmark_types,146,189,77.2,CORE
hotel,entity_nearby_landmarks,146,189,77.2,CORE
hotel,entity_attributes,106,189,56.1,COMMON
hotel,entity_photos,105,189,55.6,COMMON
hotel,entity_google_reviews,104,189,55.0,COMMON
hotel,entity_reviews,104,189,55.0,COMMON
hotel,ai_photo_index_full,102,189,54.0,COMMON
hotel,entity_address_areas,92,189,48.7,COMMON
hotel,legacy_photo_migration_queue,61,189,32.3,COMMON
hotel,entity_items_norm_v,53,189,28.0,COMMON
hotel,entity_items_v,53,189,28.0,COMMON
hotel,entity_offer,53,189,28.0,COMMON
hotel,bookable_resources,52,189,27.5,COMMON
hotel,bookable_resources_json_backup,52,189,27.5,COMMON
hotel,entity_hours,29,189,15.3,COMMON
hotel,entity_sources,18,189,9.5,PARTIAL
hotel,recovery_import_log,15,189,7.9,PARTIAL
hotel,tourist_seen,11,189,5.8,PARTIAL
hotel,tourist_swipe_events,11,189,5.8,PARTIAL
hotel,entity_seo,8,189,4.2,PARTIAL
hotel,entity_good_for,5,189,2.6,PARTIAL
hotel,entity_highlights,5,189,2.6,PARTIAL
hotel,tourist_saves,4,189,2.1,PARTIAL
hotel,entity_conflicts,3,189,1.6,PARTIAL
hotel,ai_unified_search_items_full,2,189,1.1,PARTIAL
hotel,catalog_section_days,2,189,1.1,PARTIAL
hotel,catalog_sections,2,189,1.1,PARTIAL
hotel,entity_events,2,189,1.1,PARTIAL
hotel,entity_secondary_hours,2,189,1.1,PARTIAL
hotel,catalog_items,1,189,0.5,PARTIAL
hotel,drink_items,1,189,0.5,PARTIAL
hotel,drink_sections,1,189,0.5,PARTIAL
hotel,entity_offer_section,1,189,0.5,PARTIAL
hotel,menu_items,1,189,0.5,PARTIAL
hotel,menu_section_days,1,189,0.5,PARTIAL
hotel,menu_section_details,1,189,0.5,PARTIAL
hotel,menu_sections,1,189,0.5,PARTIAL
hotel,entity_amenities,1,189,0.5,PARTIAL
hotel,ai_event_planner_index_full,1,189,0.5,PARTIAL
hotel,amenities,1,189,0.5,PARTIAL
hotel,entity_specials,1,189,0.5,PARTIAL
hotel,event_space,1,189,0.5,PARTIAL
hotel,property_details,1,189,0.5,PARTIAL
hotel,room_types,1,189,0.5,PARTIAL
hotel,happy_hour_sections,1,189,0.5,PARTIAL
tour_operator,entity,164,164,100.0,CORE
tour_operator,entity_completeness_v,162,164,98.8,CORE
tour_operator,industry_tour_operator,162,164,98.8,CORE
tour_operator,v_industry_facts_slugs,162,164,98.8,CORE
tour_operator,entity_theme,161,164,98.2,CORE
tour_operator,search_index,161,164,98.2,CORE
tour_operator,ai_data_completeness_audit_full,153,164,93.3,CORE
tour_operator,ai_entity_intent_tags_full,153,164,93.3,CORE
tour_operator,ai_entity_profiles_full,153,164,93.3,CORE
tour_operator,entity_tags,153,164,93.3,CORE
tour_operator,entity_modules,152,164,92.7,CORE
tour_operator,entity_photos,150,164,91.5,CORE
tour_operator,entity_google_maps_links,147,164,89.6,CORE
tour_operator,entity_attributes,145,164,88.4,CORE
tour_operator,ai_photo_index_full,142,164,86.6,CORE
tour_operator,entity_google_reviews,140,164,85.4,CORE
tour_operator,entity_hours,140,164,85.4,CORE
tour_operator,entity_nearby_landmark_types,140,164,85.4,CORE
tour_operator,entity_nearby_landmarks,140,164,85.4,CORE
tour_operator,entity_reviews,140,164,85.4,CORE
tour_operator,entity_address_areas,97,164,59.1,COMMON
tour_operator,legacy_photo_migration_queue,70,164,42.7,COMMON
tour_operator,entity_sources,66,164,40.2,COMMON
tour_operator,entity_offer,22,164,13.4,PARTIAL
tour_operator,entity_seo,18,164,11.0,PARTIAL
tour_operator,entity_items_norm_v,17,164,10.4,PARTIAL
tour_operator,entity_items_v,17,164,10.4,PARTIAL
tour_operator,entity_highlights,16,164,9.8,PARTIAL
tour_operator,offerings,16,164,9.8,PARTIAL
tour_operator,activity_options,14,164,8.5,PARTIAL
tour_operator,offering_prices,11,164,6.7,PARTIAL
tour_operator,entity_sections,9,164,5.5,PARTIAL
tour_operator,meeting_points,8,164,4.9,PARTIAL
tour_operator,requirements,8,164,4.9,PARTIAL
tour_operator,recovery_import_log,8,164,4.9,PARTIAL
tour_operator,entity_seo_keywords,7,164,4.3,PARTIAL
tour_operator,whats_included,6,164,3.7,PARTIAL
tour_operator,entity_conflicts,4,164,2.4,PARTIAL
tour_operator,entity_section_items,4,164,2.4,PARTIAL
tour_operator,tourist_seen,4,164,2.4,PARTIAL
tour_operator,tourist_swipe_events,4,164,2.4,PARTIAL
tour_operator,entity_good_for,4,164,2.4,PARTIAL
tour_operator,whats_excluded,3,164,1.8,PARTIAL
tour_operator,bookable_resources,3,164,1.8,PARTIAL
tour_operator,vessels,2,164,1.2,PARTIAL
tour_operator,entity_secondary_hours,2,164,1.2,PARTIAL
tour_operator,entity_specials,2,164,1.2,PARTIAL
tour_operator,entity_offer_section,2,164,1.2,PARTIAL
tour_operator,pricing_items,2,164,1.2,PARTIAL
tour_operator,tourist_click_events,1,164,0.6,PARTIAL
tour_operator,entity_amenities,1,164,0.6,PARTIAL
tour_operator,bookable_resources_json_backup,1,164,0.6,PARTIAL
tour_operator,faqs,1,164,0.6,PARTIAL
tour_operator,industry_condo,1,164,0.6,PARTIAL
personal_care,entity,161,161,100.0,CORE
personal_care,entity_completeness_v,161,161,100.0,CORE
personal_care,industry_personal_care,161,161,100.0,CORE
personal_care,v_industry_facts_slugs,161,161,100.0,CORE
personal_care,entity_theme,159,161,98.8,CORE
personal_care,search_index,159,161,98.8,CORE
personal_care,ai_data_completeness_audit_full,150,161,93.2,CORE
personal_care,ai_entity_intent_tags_full,150,161,93.2,CORE
personal_care,ai_entity_profiles_full,150,161,93.2,CORE
personal_care,entity_tags,148,161,91.9,CORE
personal_care,entity_items_norm_v,147,161,91.3,CORE
personal_care,entity_items_v,147,161,91.3,CORE
personal_care,entity_offer,147,161,91.3,CORE
personal_care,bookable_resources,146,161,90.7,CORE
personal_care,bookable_resources_json_backup,146,161,90.7,CORE
personal_care,entity_modules,142,161,88.2,CORE
personal_care,entity_google_maps_links,136,161,84.5,CORE
personal_care,entity_nearby_landmark_types,135,161,83.9,CORE
personal_care,entity_nearby_landmarks,135,161,83.9,CORE
personal_care,entity_hours,133,161,82.6,CORE
personal_care,ai_photo_index_full,132,161,82.0,CORE
personal_care,entity_attributes,132,161,82.0,CORE
personal_care,entity_photos,132,161,82.0,CORE
personal_care,entity_google_reviews,130,161,80.7,CORE
personal_care,entity_reviews,130,161,80.7,CORE
personal_care,personal_care_services,101,161,62.7,CORE
personal_care,service_menu,101,161,62.7,CORE
personal_care,entity_address_areas,78,161,48.4,COMMON
personal_care,legacy_photo_migration_queue,28,161,17.4,COMMON
personal_care,recovery_import_log,9,161,5.6,PARTIAL
personal_care,entity_good_for,9,161,5.6,PARTIAL
personal_care,entity_highlights,9,161,5.6,PARTIAL
personal_care,entity_sources,9,161,5.6,PARTIAL
personal_care,entity_conflicts,6,161,3.7,PARTIAL
personal_care,entity_seo,6,161,3.7,PARTIAL
personal_care,catalog_items,3,161,1.9,PARTIAL
personal_care,catalog_section_days,3,161,1.9,PARTIAL
personal_care,catalog_sections,3,161,1.9,PARTIAL
personal_care,entity_offer_section,3,161,1.9,PARTIAL
personal_care,menu_items,3,161,1.9,PARTIAL
personal_care,menu_section_days,3,161,1.9,PARTIAL
personal_care,menu_section_details,3,161,1.9,PARTIAL
personal_care,menu_sections,3,161,1.9,PARTIAL
personal_care,offerings,2,161,1.2,PARTIAL
personal_care,ai_unified_search_items_full,2,161,1.2,PARTIAL
personal_care,entity_secondary_hours,1,161,0.6,PARTIAL
personal_care,tourist_seen,1,161,0.6,PARTIAL
personal_care,tourist_swipe_events,1,161,0.6,PARTIAL
vacation_rental,entity,131,131,100.0,CORE
vacation_rental,entity_completeness_v,131,131,100.0,CORE
vacation_rental,industry_vacation_rental,131,131,100.0,CORE
vacation_rental,search_index,131,131,100.0,CORE
vacation_rental,v_industry_facts_slugs,131,131,100.0,CORE
vacation_rental,entity_theme,117,131,89.3,CORE
vacation_rental,entity_modules,105,131,80.2,CORE
vacation_rental,entity_tags,66,131,50.4,COMMON
vacation_rental,ai_data_completeness_audit_full,65,131,49.6,COMMON
vacation_rental,ai_entity_intent_tags_full,65,131,49.6,COMMON
vacation_rental,ai_entity_profiles_full,65,131,49.6,COMMON
vacation_rental,entity_items_norm_v,61,131,46.6,COMMON
vacation_rental,entity_items_v,61,131,46.6,COMMON
vacation_rental,entity_offer,61,131,46.6,COMMON
vacation_rental,bookable_resources,60,131,45.8,COMMON
vacation_rental,bookable_resources_json_backup,60,131,45.8,COMMON
vacation_rental,entity_photos,56,131,42.7,COMMON
vacation_rental,ai_photo_index_full,54,131,41.2,COMMON
vacation_rental,entity_google_maps_links,49,131,37.4,COMMON
vacation_rental,entity_section_items,47,131,35.9,COMMON
vacation_rental,entity_section_items_metadata_backup,47,131,35.9,COMMON
vacation_rental,entity_sections,47,131,35.9,COMMON
vacation_rental,rental_units,47,131,35.9,COMMON
vacation_rental,entity_nearby_landmarks,45,131,34.4,COMMON
vacation_rental,entity_google_reviews,38,131,29.0,COMMON
vacation_rental,entity_reviews,38,131,29.0,COMMON
vacation_rental,entity_attributes,37,131,28.2,COMMON
vacation_rental,entity_nearby_landmark_types,36,131,27.5,COMMON
vacation_rental,entity_hours,28,131,21.4,COMMON
vacation_rental,recovery_import_log,23,131,17.6,COMMON
vacation_rental,entity_address_areas,23,131,17.6,COMMON
vacation_rental,legacy_photo_migration_queue,21,131,16.0,COMMON
vacation_rental,entity_conflicts,17,131,13.0,PARTIAL
vacation_rental,industry_hotel,13,131,9.9,PARTIAL
vacation_rental,entity_good_for,4,131,3.1,PARTIAL
vacation_rental,entity_highlights,4,131,3.1,PARTIAL
vacation_rental,tourist_seen,4,131,3.1,PARTIAL
vacation_rental,tourist_swipe_events,4,131,3.1,PARTIAL
vacation_rental,entity_specials,2,131,1.5,PARTIAL
vacation_rental,catalog_items,1,131,0.8,PARTIAL
vacation_rental,catalog_section_days,1,131,0.8,PARTIAL
vacation_rental,catalog_sections,1,131,0.8,PARTIAL
vacation_rental,entity_offer_section,1,131,0.8,PARTIAL
vacation_rental,menu_items,1,131,0.8,PARTIAL
vacation_rental,menu_section_days,1,131,0.8,PARTIAL
vacation_rental,menu_section_details,1,131,0.8,PARTIAL
vacation_rental,menu_sections,1,131,0.8,PARTIAL
vacation_rental,ai_event_planner_index_full,1,131,0.8,PARTIAL
vacation_rental,ai_unified_search_items_full,1,131,0.8,PARTIAL
vacation_rental,entity_events,1,131,0.8,PARTIAL
vacation_rental,entity_seo,1,131,0.8,PARTIAL
vacation_rental,entity_sources,1,131,0.8,PARTIAL
vacation_rental,entity_secondary_hours,1,131,0.8,PARTIAL
vacation_rental,entity_amenities,1,131,0.8,PARTIAL
vacation_rental,entity_policies,1,131,0.8,PARTIAL
rental,entity,113,113,100.0,CORE
rental,search_index,111,113,98.2,CORE
rental,industry_rental,110,113,97.3,CORE
rental,v_industry_facts_slugs,110,113,97.3,CORE
rental,entity_completeness_v,109,113,96.5,CORE
rental,entity_theme,104,113,92.0,CORE
rental,entity_items_norm_v,91,113,80.5,CORE
rental,entity_items_v,91,113,80.5,CORE
rental,entity_offer,91,113,80.5,CORE
rental,entity_tags,91,113,80.5,CORE
rental,ai_data_completeness_audit_full,90,113,79.6,CORE
rental,ai_entity_intent_tags_full,90,113,79.6,CORE
rental,ai_entity_profiles_full,90,113,79.6,CORE
rental,entity_modules,88,113,77.9,CORE
rental,entity_photos,84,113,74.3,CORE
rental,ai_photo_index_full,82,113,72.6,CORE
rental,bookable_resources,64,113,56.6,COMMON
rental,bookable_resources_json_backup,64,113,56.6,COMMON
rental,entity_hours,53,113,46.9,COMMON
rental,entity_sources,46,113,40.7,COMMON
rental,entity_google_maps_links,41,113,36.3,COMMON
rental,entity_nearby_landmark_types,41,113,36.3,COMMON
rental,entity_nearby_landmarks,41,113,36.3,COMMON
rental,entity_attributes,36,113,31.9,COMMON
rental,entity_google_reviews,36,113,31.9,COMMON
rental,entity_reviews,36,113,31.9,COMMON
rental,offerings,35,113,31.0,COMMON
rental,entity_highlights,35,113,31.0,COMMON
rental,offering_prices,25,113,22.1,COMMON
rental,requirements,23,113,20.4,COMMON
rental,entity_address_areas,23,113,20.4,COMMON
rental,meeting_points,22,113,19.5,COMMON
rental,legacy_photo_migration_queue,21,113,18.6,COMMON
rental,entity_offer_section,21,113,18.6,COMMON
rental,pricing_items,18,113,15.9,COMMON
rental,faqs,14,113,12.4,PARTIAL
rental,entity_good_for,13,113,11.5,PARTIAL
rental,tourist_seen,10,113,8.8,PARTIAL
rental,tourist_swipe_events,10,113,8.8,PARTIAL
rental,entity_conflicts,9,113,8.0,PARTIAL
rental,entity_sections,9,113,8.0,PARTIAL
rental,recovery_import_log,7,113,6.2,PARTIAL
rental,entity_section_items,6,113,5.3,PARTIAL
rental,entity_seo_keywords,6,113,5.3,PARTIAL
rental,entity_seo,4,113,3.5,PARTIAL
rental,whats_included,2,113,1.8,PARTIAL
rental,entity_section_items_metadata_backup,2,113,1.8,PARTIAL
rental,entity_secondary_hours,2,113,1.8,PARTIAL
rental,tourist_saves,2,113,1.8,PARTIAL
rental,whats_excluded,1,113,0.9,PARTIAL
rental,entity_faqs,1,113,0.9,PARTIAL
rental,entity_known_for,1,113,0.9,PARTIAL
rental,entity_offer_deposit,1,113,0.9,PARTIAL
rental,entity_refund_policy,1,113,0.9,PARTIAL
rental,entity_section_item_features,1,113,0.9,PARTIAL
rental,entity_policies,1,113,0.9,PARTIAL
rental,offerings_details_backup,1,113,0.9,PARTIAL
cafe_dessert,entity,106,106,100.0,CORE
cafe_dessert,industry_cafe_dessert,106,106,100.0,CORE
cafe_dessert,search_index,106,106,100.0,CORE
cafe_dessert,v_industry_facts_slugs,106,106,100.0,CORE
cafe_dessert,entity_completeness_v,105,106,99.1,CORE
cafe_dessert,entity_theme,99,106,93.4,CORE
cafe_dessert,entity_photos,91,106,85.8,CORE
cafe_dessert,ai_data_completeness_audit_full,90,106,84.9,CORE
cafe_dessert,ai_entity_intent_tags_full,90,106,84.9,CORE
cafe_dessert,ai_entity_profiles_full,90,106,84.9,CORE
cafe_dessert,entity_modules,88,106,83.0,CORE
cafe_dessert,entity_tags,88,106,83.0,CORE
cafe_dessert,ai_photo_index_full,87,106,82.1,CORE
cafe_dessert,entity_google_maps_links,83,106,78.3,CORE
cafe_dessert,entity_attributes,82,106,77.4,CORE
cafe_dessert,entity_google_reviews,82,106,77.4,CORE
cafe_dessert,entity_nearby_landmark_types,82,106,77.4,CORE
cafe_dessert,entity_nearby_landmarks,82,106,77.4,CORE
cafe_dessert,entity_reviews,82,106,77.4,CORE
cafe_dessert,entity_hours,80,106,75.5,CORE
cafe_dessert,industry_food_beverage,70,106,66.0,CORE
cafe_dessert,entity_address_areas,52,106,49.1,COMMON
cafe_dessert,legacy_photo_migration_queue,50,106,47.2,COMMON
cafe_dessert,entity_offer_section,24,106,22.6,COMMON
cafe_dessert,entity_offer,23,106,21.7,COMMON
cafe_dessert,catalog_sections,21,106,19.8,COMMON
cafe_dessert,entity_items_norm_v,21,106,19.8,COMMON
cafe_dessert,entity_items_v,21,106,19.8,COMMON
cafe_dessert,menu_items,21,106,19.8,COMMON
cafe_dessert,menu_sections,21,106,19.8,COMMON
cafe_dessert,catalog_items,20,106,18.9,COMMON
cafe_dessert,catalog_section_days,20,106,18.9,COMMON
cafe_dessert,menu_section_days,20,106,18.9,COMMON
cafe_dessert,menu_section_details,20,106,18.9,COMMON
cafe_dessert,tourist_seen,16,106,15.1,COMMON
cafe_dessert,tourist_swipe_events,16,106,15.1,COMMON
cafe_dessert,entity_sources,15,106,14.2,PARTIAL
cafe_dessert,ai_unified_search_items_full,14,106,13.2,PARTIAL
cafe_dessert,recovery_import_log,14,106,13.2,PARTIAL
cafe_dessert,entity_secondary_hours,9,106,8.5,PARTIAL
cafe_dessert,entity_conflicts,9,106,8.5,PARTIAL
cafe_dessert,entity_good_for,7,106,6.6,PARTIAL
cafe_dessert,entity_highlights,7,106,6.6,PARTIAL
cafe_dessert,entity_seo,5,106,4.7,PARTIAL
cafe_dessert,tourist_saves,5,106,4.7,PARTIAL
cafe_dessert,happy_hour_sections,3,106,2.8,PARTIAL
cafe_dessert,dressings,1,106,0.9,PARTIAL
cafe_dessert,drink_item_option_groups,1,106,0.9,PARTIAL
cafe_dessert,drink_items,1,106,0.9,PARTIAL
cafe_dessert,drink_sections,1,106,0.9,PARTIAL
cafe_dessert,menu_item_option_groups,1,106,0.9,PARTIAL
cafe_dessert,menu_periods,1,106,0.9,PARTIAL
cafe_dessert,ai_event_planner_index_full,1,106,0.9,PARTIAL
cafe_dessert,entity_events,1,106,0.9,PARTIAL
cafe_dessert,happy_hour_items,1,106,0.9,PARTIAL
cafe_dessert,entity_gallery,1,106,0.9,PARTIAL
cafe_dessert,entity_sections,1,106,0.9,PARTIAL
cafe_dessert,bookable_resources,1,106,0.9,PARTIAL
cafe_dessert,bookable_resources_json_backup,1,106,0.9,PARTIAL
trade_home_service,entity,91,91,100.0,CORE
trade_home_service,entity_completeness_v,91,91,100.0,CORE
trade_home_service,entity_theme,91,91,100.0,CORE
trade_home_service,industry_trade_home_service,91,91,100.0,CORE
trade_home_service,search_index,91,91,100.0,CORE
trade_home_service,v_industry_facts_slugs,91,91,100.0,CORE
trade_home_service,entity_tags,88,91,96.7,CORE
trade_home_service,ai_data_completeness_audit_full,87,91,95.6,CORE
trade_home_service,ai_entity_intent_tags_full,87,91,95.6,CORE
trade_home_service,ai_entity_profiles_full,87,91,95.6,CORE
trade_home_service,entity_modules,87,91,95.6,CORE
trade_home_service,entity_items_norm_v,86,91,94.5,CORE
trade_home_service,entity_items_v,86,91,94.5,CORE
trade_home_service,entity_offer,86,91,94.5,CORE
trade_home_service,bookable_resources,85,91,93.4,CORE
trade_home_service,bookable_resources_json_backup,85,91,93.4,CORE
trade_home_service,ai_photo_index_full,79,91,86.8,CORE
trade_home_service,entity_hours,79,91,86.8,CORE
trade_home_service,entity_photos,78,91,85.7,CORE
trade_home_service,entity_google_maps_links,77,91,84.6,CORE
trade_home_service,entity_google_reviews,73,91,80.2,CORE
trade_home_service,entity_reviews,73,91,80.2,CORE
trade_home_service,entity_attributes,68,91,74.7,CORE
trade_home_service,entity_nearby_landmarks,68,91,74.7,CORE
trade_home_service,entity_nearby_landmark_types,67,91,73.6,CORE
trade_home_service,service_menu,57,91,62.6,CORE
trade_home_service,trade_home_services,57,91,62.6,CORE
trade_home_service,entity_address_areas,21,91,23.1,COMMON
trade_home_service,entity_sources,16,91,17.6,COMMON
trade_home_service,entity_secondary_hours,10,91,11.0,PARTIAL
trade_home_service,entity_seo,8,91,8.8,PARTIAL
trade_home_service,entity_good_for,5,91,5.5,PARTIAL
trade_home_service,entity_highlights,5,91,5.5,PARTIAL
trade_home_service,recovery_import_log,5,91,5.5,PARTIAL
trade_home_service,legacy_photo_migration_queue,4,91,4.4,PARTIAL
trade_home_service,entity_conflicts,3,91,3.3,PARTIAL
trade_home_service,entity_fuel_prices,1,91,1.1,PARTIAL
trade_home_service,ai_event_planner_index_full,1,91,1.1,PARTIAL
trade_home_service,ai_unified_search_items_full,1,91,1.1,PARTIAL
trade_home_service,entity_events,1,91,1.1,PARTIAL
trade_home_service,entity_faqs,1,91,1.1,PARTIAL
trade_home_service,entity_offer_section,1,91,1.1,PARTIAL
trade_home_service,entity_section_items,1,91,1.1,PARTIAL
trade_home_service,entity_sections,1,91,1.1,PARTIAL
trade_home_service,faqs,1,91,1.1,PARTIAL
trade_home_service,offerings,1,91,1.1,PARTIAL
trade_home_service,tourist_click_events,1,91,1.1,PARTIAL
trade_home_service,transportation_providers,1,91,1.1,PARTIAL
trade_home_service,users,1,91,1.1,PARTIAL
attraction,entity,87,87,100.0,CORE
attraction,industry_attraction,87,87,100.0,CORE
attraction,search_index,87,87,100.0,CORE
attraction,v_industry_facts_slugs,87,87,100.0,CORE
attraction,entity_completeness_v,85,87,97.7,CORE
attraction,entity_theme,85,87,97.7,CORE
attraction,entity_tags,80,87,92.0,CORE
attraction,ai_data_completeness_audit_full,73,87,83.9,CORE
attraction,ai_entity_intent_tags_full,73,87,83.9,CORE
attraction,ai_entity_profiles_full,73,87,83.9,CORE
attraction,entity_photos,66,87,75.9,CORE
attraction,ai_photo_index_full,61,87,70.1,CORE
attraction,entity_modules,61,87,70.1,CORE
attraction,entity_google_maps_links,57,87,65.5,CORE
attraction,entity_google_reviews,55,87,63.2,CORE
attraction,entity_reviews,55,87,63.2,CORE
attraction,entity_attributes,54,87,62.1,CORE
attraction,entity_nearby_landmarks,52,87,59.8,COMMON
attraction,entity_nearby_landmark_types,48,87,55.2,COMMON
attraction,entity_hours,46,87,52.9,COMMON
attraction,entity_address_areas,44,87,50.6,COMMON
attraction,entity_sources,25,87,28.7,COMMON
attraction,entity_offer,15,87,17.2,COMMON
attraction,entity_items_norm_v,13,87,14.9,PARTIAL
attraction,entity_items_v,13,87,14.9,PARTIAL
attraction,legacy_photo_migration_queue,10,87,11.5,PARTIAL
attraction,offerings,7,87,8.0,PARTIAL
attraction,entity_events,6,87,6.9,PARTIAL
attraction,entity_sections,6,87,6.9,PARTIAL
attraction,entity_seo_keywords,6,87,6.9,PARTIAL
attraction,tourist_seen,6,87,6.9,PARTIAL
attraction,tourist_swipe_events,6,87,6.9,PARTIAL
attraction,entity_highlights,6,87,6.9,PARTIAL
attraction,recovery_import_log,6,87,6.9,PARTIAL
attraction,entity_good_for,5,87,5.7,PARTIAL
attraction,ai_unified_search_items_full,3,87,3.4,PARTIAL
attraction,entity_section_items,3,87,3.4,PARTIAL
attraction,offering_prices,3,87,3.4,PARTIAL
attraction,bookable_resources,3,87,3.4,PARTIAL
attraction,bookable_resources_json_backup,3,87,3.4,PARTIAL
attraction,meeting_points,3,87,3.4,PARTIAL
attraction,requirements,3,87,3.4,PARTIAL
attraction,whats_included,3,87,3.4,PARTIAL
attraction,entity_conflicts,3,87,3.4,PARTIAL
attraction,catalog_items,2,87,2.3,PARTIAL
attraction,catalog_section_days,2,87,2.3,PARTIAL
attraction,catalog_sections,2,87,2.3,PARTIAL
attraction,entity_offer_section,2,87,2.3,PARTIAL
attraction,menu_items,2,87,2.3,PARTIAL
attraction,menu_section_days,2,87,2.3,PARTIAL
attraction,menu_section_details,2,87,2.3,PARTIAL
attraction,menu_sections,2,87,2.3,PARTIAL
attraction,entity_policies,2,87,2.3,PARTIAL
attraction,ai_event_planner_index_full,2,87,2.3,PARTIAL
attraction,entity_amenities,1,87,1.1,PARTIAL
attraction,tourist_saves,1,87,1.1,PARTIAL
attraction,entity_secondary_hours,1,87,1.1,PARTIAL
attraction,whats_excluded,1,87,1.1,PARTIAL
fitness_sports,entity,78,78,100.0,CORE
fitness_sports,entity_theme,78,78,100.0,CORE
fitness_sports,industry_fitness_sports,78,78,100.0,CORE
fitness_sports,search_index,78,78,100.0,CORE
fitness_sports,v_industry_facts_slugs,78,78,100.0,CORE
fitness_sports,ai_data_completeness_audit_full,77,78,98.7,CORE
fitness_sports,ai_entity_intent_tags_full,77,78,98.7,CORE
fitness_sports,ai_entity_profiles_full,77,78,98.7,CORE
fitness_sports,entity_tags,77,78,98.7,CORE
fitness_sports,entity_completeness_v,76,78,97.4,CORE
fitness_sports,entity_google_maps_links,76,78,97.4,CORE
fitness_sports,entity_modules,76,78,97.4,CORE
fitness_sports,entity_attributes,75,78,96.2,CORE
fitness_sports,entity_nearby_landmarks,72,78,92.3,CORE
fitness_sports,entity_nearby_landmark_types,71,78,91.0,CORE
fitness_sports,entity_google_reviews,69,78,88.5,CORE
fitness_sports,entity_reviews,69,78,88.5,CORE
fitness_sports,ai_photo_index_full,67,78,85.9,CORE
fitness_sports,entity_photos,67,78,85.9,CORE
fitness_sports,entity_hours,55,78,70.5,CORE
fitness_sports,entity_address_areas,40,78,51.3,COMMON
fitness_sports,entity_items_norm_v,23,78,29.5,COMMON
fitness_sports,entity_items_v,23,78,29.5,COMMON
fitness_sports,entity_offer,23,78,29.5,COMMON
fitness_sports,bookable_resources,20,78,25.6,COMMON
fitness_sports,bookable_resources_json_backup,20,78,25.6,COMMON
fitness_sports,entity_sources,17,78,21.8,COMMON
fitness_sports,entity_seo,11,78,14.1,PARTIAL
fitness_sports,legacy_photo_migration_queue,10,78,12.8,PARTIAL
fitness_sports,tourist_seen,3,78,3.8,PARTIAL
fitness_sports,tourist_swipe_events,3,78,3.8,PARTIAL
fitness_sports,catalog_items,2,78,2.6,PARTIAL
fitness_sports,catalog_section_days,2,78,2.6,PARTIAL
fitness_sports,catalog_sections,2,78,2.6,PARTIAL
fitness_sports,entity_offer_section,2,78,2.6,PARTIAL
fitness_sports,menu_items,2,78,2.6,PARTIAL
fitness_sports,menu_section_days,2,78,2.6,PARTIAL
fitness_sports,menu_section_details,2,78,2.6,PARTIAL
fitness_sports,menu_sections,2,78,2.6,PARTIAL
fitness_sports,entity_secondary_hours,1,78,1.3,PARTIAL
fitness_sports,entity_amenities,1,78,1.3,PARTIAL
fitness_sports,entity_policies,1,78,1.3,PARTIAL
fitness_sports,offering_prices,1,78,1.3,PARTIAL
fitness_sports,offerings,1,78,1.3,PARTIAL
fitness_sports,ai_unified_search_items_full,1,78,1.3,PARTIAL
fitness_sports,entity_section_items,1,78,1.3,PARTIAL
fitness_sports,entity_sections,1,78,1.3,PARTIAL
fitness_sports,entity_seo_keywords,1,78,1.3,PARTIAL
fitness_sports,entity_events,1,78,1.3,PARTIAL
fitness_sports,recovery_import_log,1,78,1.3,PARTIAL
health_medical,entity,77,77,100.0,CORE
health_medical,entity_completeness_v,77,77,100.0,CORE
health_medical,industry_health_medical,77,77,100.0,CORE
health_medical,search_index,77,77,100.0,CORE
health_medical,v_industry_facts_slugs,77,77,100.0,CORE
health_medical,entity_theme,76,77,98.7,CORE
health_medical,entity_tags,63,77,81.8,CORE
health_medical,ai_data_completeness_audit_full,60,77,77.9,CORE
health_medical,ai_entity_intent_tags_full,60,77,77.9,CORE
health_medical,ai_entity_profiles_full,60,77,77.9,CORE
health_medical,entity_modules,60,77,77.9,CORE
health_medical,entity_google_maps_links,56,77,72.7,CORE
health_medical,entity_photos,56,77,72.7,CORE
health_medical,ai_photo_index_full,55,77,71.4,CORE
health_medical,entity_nearby_landmarks,55,77,71.4,CORE
health_medical,bookable_resources,53,77,68.8,CORE
health_medical,bookable_resources_json_backup,53,77,68.8,CORE
health_medical,entity_attributes,53,77,68.8,CORE
health_medical,entity_hours,53,77,68.8,CORE
health_medical,entity_items_norm_v,53,77,68.8,CORE
health_medical,entity_items_v,53,77,68.8,CORE
health_medical,entity_nearby_landmark_types,53,77,68.8,CORE
health_medical,entity_offer,53,77,68.8,CORE
health_medical,entity_google_reviews,50,77,64.9,CORE
health_medical,entity_reviews,50,77,64.9,CORE
health_medical,health_medical_services,30,77,39.0,COMMON
health_medical,service_menu,30,77,39.0,COMMON
health_medical,entity_address_areas,22,77,28.6,COMMON
health_medical,recovery_import_log,13,77,16.9,COMMON
health_medical,entity_sources,10,77,13.0,PARTIAL
health_medical,legacy_photo_migration_queue,4,77,5.2,PARTIAL
health_medical,entity_seo,3,77,3.9,PARTIAL
health_medical,entity_secondary_hours,1,77,1.3,PARTIAL
health_medical,tourist_seen,1,77,1.3,PARTIAL
health_medical,tourist_swipe_events,1,77,1.3,PARTIAL
health_medical,entity_conflicts,1,77,1.3,PARTIAL
bar_nightlife,entity,74,74,100.0,CORE
bar_nightlife,industry_bar_nightlife,74,74,100.0,CORE
bar_nightlife,v_industry_facts_slugs,74,74,100.0,CORE
bar_nightlife,entity_completeness_v,73,74,98.6,CORE
bar_nightlife,search_index,73,74,98.6,CORE
bar_nightlife,entity_theme,72,74,97.3,CORE
bar_nightlife,ai_data_completeness_audit_full,56,74,75.7,CORE
bar_nightlife,ai_entity_intent_tags_full,56,74,75.7,CORE
bar_nightlife,ai_entity_profiles_full,56,74,75.7,CORE
bar_nightlife,entity_tags,56,74,75.7,CORE
bar_nightlife,ai_photo_index_full,55,74,74.3,CORE
bar_nightlife,entity_photos,55,74,74.3,CORE
bar_nightlife,entity_modules,53,74,71.6,CORE
bar_nightlife,entity_hours,51,74,68.9,CORE
bar_nightlife,entity_attributes,49,74,66.2,CORE
bar_nightlife,entity_google_maps_links,47,74,63.5,CORE
bar_nightlife,entity_nearby_landmark_types,47,74,63.5,CORE
bar_nightlife,entity_nearby_landmarks,47,74,63.5,CORE
bar_nightlife,entity_google_reviews,46,74,62.2,CORE
bar_nightlife,entity_reviews,46,74,62.2,CORE
bar_nightlife,industry_food_beverage,33,74,44.6,COMMON
bar_nightlife,entity_address_areas,31,74,41.9,COMMON
bar_nightlife,ai_unified_search_items_full,29,74,39.2,COMMON
bar_nightlife,entity_events,25,74,33.8,COMMON
bar_nightlife,recovery_import_log,22,74,29.7,COMMON
bar_nightlife,ai_event_planner_index_full,21,74,28.4,COMMON
bar_nightlife,catalog_sections,19,74,25.7,COMMON
bar_nightlife,catalog_section_days,18,74,24.3,COMMON
bar_nightlife,entity_items_norm_v,17,74,23.0,COMMON
bar_nightlife,entity_items_v,17,74,23.0,COMMON
bar_nightlife,entity_offer,16,74,21.6,COMMON
bar_nightlife,legacy_photo_migration_queue,16,74,21.6,COMMON
bar_nightlife,catalog_items,15,74,20.3,COMMON
bar_nightlife,entity_offer_section,14,74,18.9,COMMON
bar_nightlife,menu_items,13,74,17.6,COMMON
bar_nightlife,menu_section_days,13,74,17.6,COMMON
bar_nightlife,menu_section_details,13,74,17.6,COMMON
bar_nightlife,menu_sections,13,74,17.6,COMMON
bar_nightlife,entity_sources,11,74,14.9,PARTIAL
bar_nightlife,tourist_seen,10,74,13.5,PARTIAL
bar_nightlife,tourist_swipe_events,10,74,13.5,PARTIAL
bar_nightlife,entity_good_for,9,74,12.2,PARTIAL
bar_nightlife,entity_highlights,9,74,12.2,PARTIAL
bar_nightlife,happy_hour_sections,8,74,10.8,PARTIAL
bar_nightlife,entity_secondary_hours,8,74,10.8,PARTIAL
bar_nightlife,entity_conflicts,7,74,9.5,PARTIAL
bar_nightlife,entity_policies,3,74,4.1,PARTIAL
bar_nightlife,tourist_saves,3,74,4.1,PARTIAL
bar_nightlife,drink_items,3,74,4.1,PARTIAL
bar_nightlife,drink_sections,3,74,4.1,PARTIAL
bar_nightlife,happy_hour_items,3,74,4.1,PARTIAL
bar_nightlife,entity_sections,2,74,2.7,PARTIAL
bar_nightlife,entity_seo_keywords,2,74,2.7,PARTIAL
bar_nightlife,entity_seo,2,74,2.7,PARTIAL
bar_nightlife,menu_item_details,1,74,1.4,PARTIAL
bar_nightlife,entity_amenities,1,74,1.4,PARTIAL
bar_nightlife,bookable_resources,1,74,1.4,PARTIAL
bar_nightlife,bookable_resources_json_backup,1,74,1.4,PARTIAL
bar_nightlife,meeting_points,1,74,1.4,PARTIAL
bar_nightlife,offerings,1,74,1.4,PARTIAL
bar_nightlife,requirements,1,74,1.4,PARTIAL
bar_nightlife,whats_excluded,1,74,1.4,PARTIAL
bar_nightlife,whats_included,1,74,1.4,PARTIAL
professional_service,entity,73,73,100.0,CORE
professional_service,industry_professional_service,72,73,98.6,CORE
professional_service,search_index,72,73,98.6,CORE
professional_service,v_industry_facts_slugs,72,73,98.6,CORE
professional_service,entity_theme,71,73,97.3,CORE
professional_service,entity_completeness_v,65,73,89.0,CORE
professional_service,entity_tags,61,73,83.6,CORE
professional_service,entity_photos,51,73,69.9,CORE
professional_service,ai_data_completeness_audit_full,46,73,63.0,CORE
professional_service,ai_entity_intent_tags_full,46,73,63.0,CORE
professional_service,ai_entity_profiles_full,46,73,63.0,CORE
professional_service,entity_hours,37,73,50.7,COMMON
professional_service,ai_photo_index_full,36,73,49.3,COMMON
professional_service,bookable_resources,36,73,49.3,COMMON
professional_service,bookable_resources_json_backup,36,73,49.3,COMMON
professional_service,entity_items_norm_v,36,73,49.3,COMMON
professional_service,entity_items_v,36,73,49.3,COMMON
professional_service,entity_offer,36,73,49.3,COMMON
professional_service,entity_modules,34,73,46.6,COMMON
professional_service,professional_services,24,73,32.9,COMMON
professional_service,service_menu,24,73,32.9,COMMON
professional_service,entity_attributes,23,73,31.5,COMMON
professional_service,entity_google_maps_links,23,73,31.5,COMMON
professional_service,entity_nearby_landmark_types,23,73,31.5,COMMON
professional_service,entity_nearby_landmarks,23,73,31.5,COMMON
professional_service,entity_google_reviews,19,73,26.0,COMMON
professional_service,entity_reviews,19,73,26.0,COMMON
professional_service,entity_address_areas,14,73,19.2,COMMON
professional_service,recovery_import_log,10,73,13.7,PARTIAL
professional_service,entity_good_for,8,73,11.0,PARTIAL
professional_service,entity_highlights,8,73,11.0,PARTIAL
professional_service,entity_secondary_hours,4,73,5.5,PARTIAL
professional_service,entity_conflicts,2,73,2.7,PARTIAL
professional_service,entity_sources,1,73,1.4,PARTIAL
cruise_tour,entity,59,59,100.0,CORE
cruise_tour,entity_completeness_v,59,59,100.0,CORE
cruise_tour,entity_theme,59,59,100.0,CORE
cruise_tour,industry_cruise_tour,59,59,100.0,CORE
cruise_tour,search_index,59,59,100.0,CORE
cruise_tour,v_industry_facts_slugs,59,59,100.0,CORE
cruise_tour,entity_tags,55,59,93.2,CORE
cruise_tour,entity_photos,50,59,84.7,CORE
cruise_tour,entity_sources,49,59,83.1,CORE
cruise_tour,entity_modules,41,59,69.5,CORE
cruise_tour,ai_data_completeness_audit_full,40,59,67.8,CORE
cruise_tour,ai_entity_intent_tags_full,40,59,67.8,CORE
cruise_tour,ai_entity_profiles_full,40,59,67.8,CORE
cruise_tour,ai_photo_index_full,40,59,67.8,CORE
cruise_tour,entity_items_norm_v,40,59,67.8,CORE
cruise_tour,entity_items_v,40,59,67.8,CORE
cruise_tour,entity_offer,40,59,67.8,CORE
cruise_tour,offerings,33,59,55.9,COMMON
cruise_tour,activity_options,31,59,52.5,COMMON
cruise_tour,entity_highlights,28,59,47.5,COMMON
cruise_tour,offering_prices,26,59,44.1,COMMON
cruise_tour,requirements,25,59,42.4,COMMON
cruise_tour,pricing_items,23,59,39.0,COMMON
cruise_tour,meeting_points,23,59,39.0,COMMON
cruise_tour,entity_reviews,20,59,33.9,COMMON
cruise_tour,entity_hours,18,59,30.5,COMMON
cruise_tour,faqs,18,59,30.5,COMMON
cruise_tour,entity_offer_section,18,59,30.5,COMMON
cruise_tour,entity_attributes,16,59,27.1,COMMON
cruise_tour,entity_google_maps_links,16,59,27.1,COMMON
cruise_tour,entity_google_reviews,16,59,27.1,COMMON
cruise_tour,entity_nearby_landmark_types,16,59,27.1,COMMON
cruise_tour,entity_nearby_landmarks,16,59,27.1,COMMON
cruise_tour,legacy_photo_migration_queue,16,59,27.1,COMMON
cruise_tour,bookable_resources,11,59,18.6,COMMON
cruise_tour,entity_address_areas,10,59,16.9,COMMON
cruise_tour,entity_sections,9,59,15.3,COMMON
cruise_tour,entity_seo_keywords,8,59,13.6,PARTIAL
cruise_tour,whats_included,8,59,13.6,PARTIAL
cruise_tour,vessels,7,59,11.9,PARTIAL
cruise_tour,entity_section_items,6,59,10.2,PARTIAL
cruise_tour,tourist_seen,5,59,8.5,PARTIAL
cruise_tour,tourist_swipe_events,5,59,8.5,PARTIAL
cruise_tour,whats_excluded,5,59,8.5,PARTIAL
cruise_tour,entity_known_for,4,59,6.8,PARTIAL
cruise_tour,bookable_resources_json_backup,4,59,6.8,PARTIAL
cruise_tour,entity_faqs,3,59,5.1,PARTIAL
cruise_tour,tourist_saves,2,59,3.4,PARTIAL
cruise_tour,entity_policies,2,59,3.4,PARTIAL
cruise_tour,ai_unified_search_items_full,2,59,3.4,PARTIAL
cruise_tour,entity_conflicts,2,59,3.4,PARTIAL
cruise_tour,fleet_items,1,59,1.7,PARTIAL
cruise_tour,tourist_click_events,1,59,1.7,PARTIAL
cruise_tour,vessel_features,1,59,1.7,PARTIAL
cruise_tour,entity_amenities,1,59,1.7,PARTIAL
cruise_tour,catalog_items,1,59,1.7,PARTIAL
cruise_tour,catalog_section_days,1,59,1.7,PARTIAL
cruise_tour,catalog_sections,1,59,1.7,PARTIAL
cruise_tour,drink_items,1,59,1.7,PARTIAL
cruise_tour,drink_sections,1,59,1.7,PARTIAL
cruise_tour,entity_good_for,1,59,1.7,PARTIAL
cruise_tour,entity_seo,1,59,1.7,PARTIAL
cruise_tour,menu_items,1,59,1.7,PARTIAL
cruise_tour,menu_section_days,1,59,1.7,PARTIAL
cruise_tour,menu_section_details,1,59,1.7,PARTIAL
cruise_tour,menu_sections,1,59,1.7,PARTIAL
cruise_tour,entity_specials,1,59,1.7,PARTIAL
cruise_tour,industry_rental,1,59,1.7,PARTIAL
cruise_tour,charter_fishing_type,1,59,1.7,PARTIAL
cruise_tour,recovery_import_log,1,59,1.7,PARTIAL
entertainment_venue,entity,54,54,100.0,CORE
entertainment_venue,entity_theme,54,54,100.0,CORE
entertainment_venue,industry_entertainment_venue,54,54,100.0,CORE
entertainment_venue,search_index,54,54,100.0,CORE
entertainment_venue,v_industry_facts_slugs,54,54,100.0,CORE
entertainment_venue,entity_completeness_v,52,54,96.3,CORE
entertainment_venue,entity_tags,45,54,83.3,CORE
entertainment_venue,ai_data_completeness_audit_full,43,54,79.6,CORE
entertainment_venue,ai_entity_intent_tags_full,43,54,79.6,CORE
entertainment_venue,ai_entity_profiles_full,43,54,79.6,CORE
entertainment_venue,entity_photos,39,54,72.2,CORE
entertainment_venue,ai_photo_index_full,37,54,68.5,CORE
entertainment_venue,entity_hours,36,54,66.7,CORE
entertainment_venue,entity_modules,36,54,66.7,CORE
entertainment_venue,entity_attributes,29,54,53.7,COMMON
entertainment_venue,entity_google_maps_links,29,54,53.7,COMMON
entertainment_venue,entity_google_reviews,28,54,51.9,COMMON
entertainment_venue,entity_nearby_landmark_types,28,54,51.9,COMMON
entertainment_venue,entity_nearby_landmarks,28,54,51.9,COMMON
entertainment_venue,entity_reviews,28,54,51.9,COMMON
entertainment_venue,entity_address_areas,19,54,35.2,COMMON
entertainment_venue,entity_items_norm_v,14,54,25.9,COMMON
entertainment_venue,entity_items_v,14,54,25.9,COMMON
entertainment_venue,entity_offer,14,54,25.9,COMMON
entertainment_venue,entity_sections,9,54,16.7,COMMON
entertainment_venue,entity_sources,9,54,16.7,COMMON
entertainment_venue,recovery_import_log,9,54,16.7,COMMON
entertainment_venue,bookable_resources,8,54,14.8,PARTIAL
entertainment_venue,bookable_resources_json_backup,8,54,14.8,PARTIAL
entertainment_venue,entity_good_for,7,54,13.0,PARTIAL
entertainment_venue,entity_highlights,7,54,13.0,PARTIAL
entertainment_venue,legacy_photo_migration_queue,7,54,13.0,PARTIAL
entertainment_venue,offering_prices,6,54,11.1,PARTIAL
entertainment_venue,offerings,6,54,11.1,PARTIAL
entertainment_venue,entity_section_items,5,54,9.3,PARTIAL
entertainment_venue,entity_seo_keywords,5,54,9.3,PARTIAL
entertainment_venue,entity_events,5,54,9.3,PARTIAL
entertainment_venue,ai_event_planner_index_full,4,54,7.4,PARTIAL
entertainment_venue,ai_unified_search_items_full,4,54,7.4,PARTIAL
entertainment_venue,tourist_seen,4,54,7.4,PARTIAL
entertainment_venue,tourist_swipe_events,4,54,7.4,PARTIAL
entertainment_venue,requirements,2,54,3.7,PARTIAL
entertainment_venue,offerings_details_backup,2,54,3.7,PARTIAL
entertainment_venue,entity_faqs,1,54,1.9,PARTIAL
entertainment_venue,entity_known_for,1,54,1.9,PARTIAL
entertainment_venue,faqs,1,54,1.9,PARTIAL
entertainment_venue,pricing_items,1,54,1.9,PARTIAL
entertainment_venue,entity_conflicts,1,54,1.9,PARTIAL
entertainment_venue,entity_seo,1,54,1.9,PARTIAL
property_management,entity,49,49,100.0,CORE
property_management,entity_completeness_v,49,49,100.0,CORE
property_management,entity_theme,49,49,100.0,CORE
property_management,industry_property_management,49,49,100.0,CORE
property_management,search_index,49,49,100.0,CORE
property_management,v_industry_facts_slugs,49,49,100.0,CORE
property_management,entity_modules,46,49,93.9,CORE
property_management,entity_photos,30,49,61.2,CORE
property_management,entity_tags,30,49,61.2,CORE
property_management,ai_data_completeness_audit_full,29,49,59.2,COMMON
property_management,ai_entity_intent_tags_full,29,49,59.2,COMMON
property_management,ai_entity_profiles_full,29,49,59.2,COMMON
property_management,bookable_resources,29,49,59.2,COMMON
property_management,bookable_resources_json_backup,29,49,59.2,COMMON
property_management,entity_items_norm_v,29,49,59.2,COMMON
property_management,entity_items_v,29,49,59.2,COMMON
property_management,entity_offer,29,49,59.2,COMMON
property_management,ai_photo_index_full,28,49,57.1,COMMON
property_management,entity_google_maps_links,26,49,53.1,COMMON
property_management,entity_google_reviews,26,49,53.1,COMMON
property_management,entity_reviews,26,49,53.1,COMMON
property_management,entity_attributes,25,49,51.0,COMMON
property_management,entity_hours,24,49,49.0,COMMON
property_management,entity_nearby_landmark_types,24,49,49.0,COMMON
property_management,entity_nearby_landmarks,24,49,49.0,COMMON
property_management,entity_address_areas,15,49,30.6,COMMON
property_management,legacy_photo_migration_queue,11,49,22.4,COMMON
property_management,entity_sources,4,49,8.2,PARTIAL
property_management,entity_good_for,3,49,6.1,PARTIAL
property_management,entity_highlights,3,49,6.1,PARTIAL
property_management,entity_amenities,2,49,4.1,PARTIAL
property_management,recovery_import_log,2,49,4.1,PARTIAL
property_management,entity_specials,1,49,2.0,PARTIAL
event_venue,entity,47,47,100.0,CORE
event_venue,entity_completeness_v,47,47,100.0,CORE
event_venue,entity_theme,47,47,100.0,CORE
event_venue,industry_event_venue,47,47,100.0,CORE
event_venue,search_index,47,47,100.0,CORE
event_venue,v_industry_facts_slugs,47,47,100.0,CORE
event_venue,recovery_import_log,24,47,51.1,COMMON
event_venue,ai_data_completeness_audit_full,23,47,48.9,COMMON
event_venue,ai_entity_intent_tags_full,23,47,48.9,COMMON
event_venue,ai_entity_profiles_full,23,47,48.9,COMMON
event_venue,entity_google_maps_links,23,47,48.9,COMMON
event_venue,entity_modules,23,47,48.9,COMMON
event_venue,entity_tags,23,47,48.9,COMMON
event_venue,ai_photo_index_full,22,47,46.8,COMMON
event_venue,entity_google_reviews,22,47,46.8,COMMON
event_venue,entity_photos,22,47,46.8,COMMON
event_venue,entity_reviews,22,47,46.8,COMMON
event_venue,entity_attributes,21,47,44.7,COMMON
event_venue,entity_nearby_landmark_types,21,47,44.7,COMMON
event_venue,entity_nearby_landmarks,21,47,44.7,COMMON
event_venue,entity_hours,14,47,29.8,COMMON
event_venue,entity_address_areas,13,47,27.7,COMMON
event_venue,legacy_photo_migration_queue,9,47,19.1,COMMON
event_venue,entity_items_norm_v,6,47,12.8,PARTIAL
event_venue,entity_items_v,6,47,12.8,PARTIAL
event_venue,entity_offer,6,47,12.8,PARTIAL
event_venue,bookable_resources,5,47,10.6,PARTIAL
event_venue,bookable_resources_json_backup,5,47,10.6,PARTIAL
event_venue,entity_seo,5,47,10.6,PARTIAL
event_venue,tourist_seen,4,47,8.5,PARTIAL
event_venue,tourist_swipe_events,4,47,8.5,PARTIAL
event_venue,entity_sources,4,47,8.5,PARTIAL
event_venue,catalog_items,2,47,4.3,PARTIAL
event_venue,catalog_section_days,2,47,4.3,PARTIAL
event_venue,catalog_sections,2,47,4.3,PARTIAL
event_venue,entity_offer_section,2,47,4.3,PARTIAL
event_venue,menu_items,2,47,4.3,PARTIAL
event_venue,menu_section_days,2,47,4.3,PARTIAL
event_venue,menu_section_details,2,47,4.3,PARTIAL
event_venue,menu_sections,2,47,4.3,PARTIAL
event_venue,ai_unified_search_items_full,1,47,2.1,PARTIAL
event_venue,entity_good_for,1,47,2.1,PARTIAL
event_venue,entity_highlights,1,47,2.1,PARTIAL
event_venue,entity_events,1,47,2.1,PARTIAL
event_venue,entity_secondary_hours,1,47,2.1,PARTIAL
event_venue,entity_conflicts,1,47,2.1,PARTIAL
civic,entity,40,40,100.0,CORE
civic,entity_theme,40,40,100.0,CORE
civic,search_index,40,40,100.0,CORE
civic,entity_completeness_v,39,40,97.5,CORE
civic,industry_civic,39,40,97.5,CORE
civic,v_industry_facts_slugs,39,40,97.5,CORE
civic,entity_tags,30,40,75.0,CORE
civic,entity_photos,28,40,70.0,CORE
civic,ai_data_completeness_audit_full,27,40,67.5,CORE
civic,ai_entity_intent_tags_full,27,40,67.5,CORE
civic,ai_entity_profiles_full,27,40,67.5,CORE
civic,ai_photo_index_full,26,40,65.0,CORE
civic,bookable_resources,25,40,62.5,CORE
civic,bookable_resources_json_backup,25,40,62.5,CORE
civic,entity_attributes,25,40,62.5,CORE
civic,entity_items_norm_v,25,40,62.5,CORE
civic,entity_items_v,25,40,62.5,CORE
civic,entity_offer,25,40,62.5,CORE
civic,entity_google_maps_links,24,40,60.0,CORE
civic,entity_google_reviews,24,40,60.0,CORE
civic,entity_nearby_landmark_types,24,40,60.0,CORE
civic,entity_nearby_landmarks,24,40,60.0,CORE
civic,entity_reviews,24,40,60.0,CORE
civic,entity_modules,18,40,45.0,COMMON
civic,entity_hours,17,40,42.5,COMMON
civic,entity_address_areas,16,40,40.0,COMMON
civic,recovery_import_log,10,40,25.0,COMMON
civic,entity_events,7,40,17.5,COMMON
civic,ai_event_planner_index_full,6,40,15.0,COMMON
civic,ai_unified_search_items_full,6,40,15.0,COMMON
civic,legacy_photo_migration_queue,5,40,12.5,PARTIAL
civic,entity_sources,2,40,5.0,PARTIAL
civic,entity_good_for,1,40,2.5,PARTIAL
civic,entity_highlights,1,40,2.5,PARTIAL
civic,entity_secondary_hours,1,40,2.5,PARTIAL
civic,entity_seo,1,40,2.5,PARTIAL
marina,entity,38,38,100.0,CORE
marina,entity_completeness_v,38,38,100.0,CORE
marina,industry_marina,38,38,100.0,CORE
marina,v_industry_facts_slugs,38,38,100.0,CORE
marina,entity_tags,36,38,94.7,CORE
marina,entity_theme,36,38,94.7,CORE
marina,search_index,36,38,94.7,CORE
marina,entity_attributes,35,38,92.1,CORE
marina,ai_data_completeness_audit_full,34,38,89.5,CORE
marina,ai_entity_intent_tags_full,34,38,89.5,CORE
marina,ai_entity_profiles_full,34,38,89.5,CORE
marina,entity_modules,34,38,89.5,CORE
marina,ai_photo_index_full,33,38,86.8,CORE
marina,entity_google_maps_links,33,38,86.8,CORE
marina,entity_nearby_landmarks,33,38,86.8,CORE
marina,entity_photos,33,38,86.8,CORE
marina,entity_google_reviews,32,38,84.2,CORE
marina,entity_nearby_landmark_types,32,38,84.2,CORE
marina,entity_reviews,32,38,84.2,CORE
marina,entity_hours,30,38,78.9,CORE
marina,entity_address_areas,19,38,50.0,COMMON
marina,legacy_photo_migration_queue,18,38,47.4,COMMON
marina,entity_sources,14,38,36.8,COMMON
marina,entity_items_norm_v,8,38,21.1,COMMON
marina,entity_items_v,8,38,21.1,COMMON
marina,entity_offer,7,38,18.4,COMMON
marina,entity_sections,7,38,18.4,COMMON
marina,marina_details,7,38,18.4,COMMON
marina,marina_store_items,7,38,18.4,COMMON
marina,entity_seo_keywords,5,38,13.2,PARTIAL
marina,marina_bait_items,5,38,13.2,PARTIAL
marina,bookable_resources,5,38,13.2,PARTIAL
marina,offerings,4,38,10.5,PARTIAL
marina,what_to_bring,4,38,10.5,PARTIAL
marina,tourist_seen,4,38,10.5,PARTIAL
marina,tourist_swipe_events,4,38,10.5,PARTIAL
marina,entity_section_items,4,38,10.5,PARTIAL
marina,bookable_resources_json_backup,4,38,10.5,PARTIAL
marina,entity_amenities,4,38,10.5,PARTIAL
marina,entity_conflicts,4,38,10.5,PARTIAL
marina,charter_target_species,3,38,7.9,PARTIAL
marina,fish_species,3,38,7.9,PARTIAL
marina,fish_species_best_bait,3,38,7.9,PARTIAL
marina,fish_species_fishing_method,3,38,7.9,PARTIAL
marina,fish_species_peak_months,3,38,7.9,PARTIAL
marina,offering_prices,3,38,7.9,PARTIAL
marina,entity_highlights,3,38,7.9,PARTIAL
marina,charter_trip_fish_species,2,38,5.3,PARTIAL
marina,charter_trip_included,2,38,5.3,PARTIAL
marina,charter_trip_what_to_bring,2,38,5.3,PARTIAL
marina,charter_trips,2,38,5.3,PARTIAL
marina,entity_offer_section,2,38,5.3,PARTIAL
marina,pricing_items,2,38,5.3,PARTIAL
marina,whats_included,2,38,5.3,PARTIAL
marina,entity_policies,2,38,5.3,PARTIAL
marina,entity_events,2,38,5.3,PARTIAL
marina,entity_seo,2,38,5.3,PARTIAL
marina,ai_facts,1,38,2.6,PARTIAL
marina,charter_fishing_type,1,38,2.6,PARTIAL
marina,offerings_details_backup,1,38,2.6,PARTIAL
marina,entity_faqs,1,38,2.6,PARTIAL
marina,entity_team_members,1,38,2.6,PARTIAL
marina,faqs,1,38,2.6,PARTIAL
marina,marina_slips,1,38,2.6,PARTIAL
marina,requirements,1,38,2.6,PARTIAL
marina,vessels,1,38,2.6,PARTIAL
marina,watersport_equipment,1,38,2.6,PARTIAL
marina,entity_known_for,1,38,2.6,PARTIAL
marina,marina_contacts,1,38,2.6,PARTIAL
marina,marina_products,1,38,2.6,PARTIAL
marina,marina_profiles,1,38,2.6,PARTIAL
marina,marina_seasonal_hours,1,38,2.6,PARTIAL
marina,marina_vessels,1,38,2.6,PARTIAL
marina,entity_good_for,1,38,2.6,PARTIAL
marina,marina_bridge_clearances,1,38,2.6,PARTIAL
marina,entity_secondary_hours,1,38,2.6,PARTIAL
marina,marina_fuel_types,1,38,2.6,PARTIAL
marina,recovery_import_log,1,38,2.6,PARTIAL
watersport,entity,33,33,100.0,CORE
watersport,entity_completeness_v,33,33,100.0,CORE
watersport,entity_theme,32,33,97.0,CORE
watersport,industry_watersport,32,33,97.0,CORE
watersport,search_index,32,33,97.0,CORE
watersport,v_industry_facts_slugs,32,33,97.0,CORE
watersport,entity_photos,30,33,90.9,CORE
watersport,ai_data_completeness_audit_full,29,33,87.9,CORE
watersport,ai_entity_intent_tags_full,29,33,87.9,CORE
watersport,ai_entity_profiles_full,29,33,87.9,CORE
watersport,ai_photo_index_full,29,33,87.9,CORE
watersport,entity_items_norm_v,29,33,87.9,CORE
watersport,entity_items_v,29,33,87.9,CORE
watersport,entity_modules,29,33,87.9,CORE
watersport,entity_offer,28,33,84.8,CORE
watersport,entity_tags,26,33,78.8,CORE
watersport,entity_sources,23,33,69.7,CORE
watersport,activity_options,20,33,60.6,CORE
watersport,offerings,20,33,60.6,CORE
watersport,entity_highlights,19,33,57.6,COMMON
watersport,requirements,18,33,54.5,COMMON
watersport,meeting_points,16,33,48.5,COMMON
watersport,offering_prices,15,33,45.5,COMMON
watersport,pricing_items,14,33,42.4,COMMON
watersport,entity_offer_section,14,33,42.4,COMMON
watersport,faqs,13,33,39.4,COMMON
watersport,bookable_resources,12,33,36.4,COMMON
watersport,bookable_resources_json_backup,12,33,36.4,COMMON
watersport,entity_hours,9,33,27.3,COMMON
watersport,entity_reviews,8,33,24.2,COMMON
watersport,entity_attributes,7,33,21.2,COMMON
watersport,entity_google_maps_links,7,33,21.2,COMMON
watersport,entity_google_reviews,7,33,21.2,COMMON
watersport,entity_nearby_landmark_types,7,33,21.2,COMMON
watersport,entity_nearby_landmarks,7,33,21.2,COMMON
watersport,legacy_photo_migration_queue,5,33,15.2,COMMON
watersport,entity_address_areas,4,33,12.1,PARTIAL
watersport,whats_included,4,33,12.1,PARTIAL
watersport,entity_sections,3,33,9.1,PARTIAL
watersport,entity_seo_keywords,3,33,9.1,PARTIAL
watersport,whats_excluded,2,33,6.1,PARTIAL
watersport,entity_good_for,2,33,6.1,PARTIAL
watersport,entity_conflicts,1,33,3.0,PARTIAL
watersport,vessels,1,33,3.0,PARTIAL
watersport,entity_policies,1,33,3.0,PARTIAL
watersport,ai_unified_search_items_full,1,33,3.0,PARTIAL
watersport,entity_faqs,1,33,3.0,PARTIAL
watersport,entity_known_for,1,33,3.0,PARTIAL
watersport,entity_seo,1,33,3.0,PARTIAL
watersport,entity_specials,1,33,3.0,PARTIAL
watersport,tourist_saves,1,33,3.0,PARTIAL
watersport,tourist_seen,1,33,3.0,PARTIAL
watersport,tourist_swipe_events,1,33,3.0,PARTIAL
parking,entity,31,31,100.0,CORE
parking,industry_parking,31,31,100.0,CORE
parking,search_index,31,31,100.0,CORE
parking,v_industry_facts_slugs,31,31,100.0,CORE
parking,entity_completeness_v,30,31,96.8,CORE
parking,entity_theme,30,31,96.8,CORE
parking,ai_data_completeness_audit_full,28,31,90.3,CORE
parking,ai_entity_intent_tags_full,28,31,90.3,CORE
parking,ai_entity_profiles_full,28,31,90.3,CORE
parking,entity_tags,28,31,90.3,CORE
parking,bookable_resources,25,31,80.6,CORE
parking,bookable_resources_json_backup,25,31,80.6,CORE
parking,entity_items_norm_v,25,31,80.6,CORE
parking,entity_items_v,25,31,80.6,CORE
parking,entity_offer,25,31,80.6,CORE
parking,entity_attributes,23,31,74.2,CORE
parking,entity_google_maps_links,23,31,74.2,CORE
parking,entity_nearby_landmark_types,23,31,74.2,CORE
parking,entity_nearby_landmarks,23,31,74.2,CORE
parking,entity_photos,19,31,61.3,CORE
parking,ai_photo_index_full,17,31,54.8,COMMON
parking,entity_google_reviews,17,31,54.8,COMMON
parking,entity_reviews,17,31,54.8,COMMON
parking,entity_address_areas,15,31,48.4,COMMON
parking,entity_modules,10,31,32.3,COMMON
parking,entity_hours,6,31,19.4,COMMON
parking,recovery_import_log,5,31,16.1,COMMON
parking,entity_conflicts,2,31,6.5,PARTIAL
parking,legacy_photo_migration_queue,1,31,3.2,PARTIAL
parking,entity_events,1,31,3.2,PARTIAL
golf,ai_data_completeness_audit_full,24,24,100.0,CORE
golf,ai_entity_intent_tags_full,24,24,100.0,CORE
golf,ai_entity_profiles_full,24,24,100.0,CORE
golf,ai_photo_index_full,24,24,100.0,CORE
golf,entity,24,24,100.0,CORE
golf,entity_completeness_v,24,24,100.0,CORE
golf,entity_hours,24,24,100.0,CORE
golf,entity_photos,24,24,100.0,CORE
golf,entity_tags,24,24,100.0,CORE
golf,entity_theme,24,24,100.0,CORE
golf,industry_golf,24,24,100.0,CORE
golf,search_index,24,24,100.0,CORE
golf,v_industry_facts_slugs,24,24,100.0,CORE
golf,entity_modules,23,24,95.8,CORE
golf,entity_google_maps_links,22,24,91.7,CORE
golf,entity_google_reviews,22,24,91.7,CORE
golf,entity_reviews,22,24,91.7,CORE
golf,entity_attributes,21,24,87.5,CORE
golf,entity_nearby_landmarks,20,24,83.3,CORE
golf,entity_nearby_landmark_types,19,24,79.2,CORE
golf,entity_sources,17,24,70.8,CORE
golf,legacy_photo_migration_queue,13,24,54.2,COMMON
golf,entity_offer,11,24,45.8,COMMON
golf,entity_items_norm_v,10,24,41.7,COMMON
golf,entity_items_v,10,24,41.7,COMMON
golf,offerings,9,24,37.5,COMMON
golf,offering_prices,8,24,33.3,COMMON
golf,entity_address_areas,7,24,29.2,COMMON
golf,entity_sections,5,24,20.8,COMMON
golf,ai_unified_search_items_full,4,24,16.7,COMMON
golf,catalog_items,4,24,16.7,COMMON
golf,catalog_section_days,4,24,16.7,COMMON
golf,catalog_sections,4,24,16.7,COMMON
golf,entity_offer_section,4,24,16.7,COMMON
golf,menu_items,4,24,16.7,COMMON
golf,menu_section_days,4,24,16.7,COMMON
golf,menu_section_details,4,24,16.7,COMMON
golf,menu_sections,4,24,16.7,COMMON
golf,entity_section_items,4,24,16.7,COMMON
golf,entity_seo_keywords,4,24,16.7,COMMON
golf,entity_events,2,24,8.3,PARTIAL
golf,tourist_seen,2,24,8.3,PARTIAL
golf,tourist_swipe_events,2,24,8.3,PARTIAL
golf,entity_seo,2,24,8.3,PARTIAL
golf,entity_secondary_hours,2,24,8.3,PARTIAL
golf,ai_event_planner_index_full,1,24,4.2,PARTIAL
golf,industry_food_beverage,1,24,4.2,PARTIAL
golf,ai_data_quality_audit,1,24,4.2,PARTIAL
golf,ai_data_quality_issues,1,24,4.2,PARTIAL
golf,ai_drink_item_tag_values,1,24,4.2,PARTIAL
golf,ai_drink_item_tags,1,24,4.2,PARTIAL
golf,ai_menu_item_tag_values,1,24,4.2,PARTIAL
golf,ai_menu_item_tags,1,24,4.2,PARTIAL
golf,ai_planner_intent_tags,1,24,4.2,PARTIAL
golf,ai_planner_profile_tags,1,24,4.2,PARTIAL
golf,ai_planner_profiles,1,24,4.2,PARTIAL
golf,ai_voice_snippets,1,24,4.2,PARTIAL
golf,drink_items,1,24,4.2,PARTIAL
golf,drink_sections,1,24,4.2,PARTIAL
golf,pricing_items,1,24,4.2,PARTIAL
golf,entity_amenities,1,24,4.2,PARTIAL
golf,entity_policies,1,24,4.2,PARTIAL
golf,entity_good_for,1,24,4.2,PARTIAL
golf,entity_highlights,1,24,4.2,PARTIAL
artist,entity,23,23,100.0,CORE
artist,entity_completeness_v,23,23,100.0,CORE
artist,industry_artist,23,23,100.0,CORE
artist,search_index,23,23,100.0,CORE
artist,v_industry_facts_slugs,23,23,100.0,CORE
artist,entity_theme,22,23,95.7,CORE
artist,ai_data_completeness_audit_full,21,23,91.3,CORE
artist,ai_entity_intent_tags_full,21,23,91.3,CORE
artist,ai_entity_profiles_full,21,23,91.3,CORE
artist,entity_modules,21,23,91.3,CORE
artist,entity_tags,21,23,91.3,CORE
artist,ai_photo_index_full,20,23,87.0,CORE
artist,entity_photos,20,23,87.0,CORE
artist,entity_google_maps_links,18,23,78.3,CORE
artist,entity_nearby_landmark_types,18,23,78.3,CORE
artist,entity_nearby_landmarks,18,23,78.3,CORE
artist,entity_attributes,17,23,73.9,CORE
artist,entity_hours,16,23,69.6,CORE
artist,entity_google_reviews,15,23,65.2,CORE
artist,entity_reviews,15,23,65.2,CORE
artist,entity_address_areas,9,23,39.1,COMMON
artist,legacy_photo_migration_queue,7,23,30.4,COMMON
artist,entity_sources,4,23,17.4,COMMON
artist,entity_items_norm_v,3,23,13.0,PARTIAL
artist,entity_items_v,3,23,13.0,PARTIAL
artist,entity_offer,3,23,13.0,PARTIAL
artist,entity_good_for,3,23,13.0,PARTIAL
artist,entity_highlights,3,23,13.0,PARTIAL
artist,entity_conflicts,2,23,8.7,PARTIAL
artist,ai_event_planner_index_full,2,23,8.7,PARTIAL
artist,ai_unified_search_items_full,2,23,8.7,PARTIAL
artist,bookable_resources,2,23,8.7,PARTIAL
artist,bookable_resources_json_backup,2,23,8.7,PARTIAL
artist,entity_events,2,23,8.7,PARTIAL
artist,recovery_import_log,2,23,8.7,PARTIAL
artist,offering_prices,1,23,4.3,PARTIAL
artist,offerings,1,23,4.3,PARTIAL
performing_arts,entity,20,20,100.0,CORE
performing_arts,entity_tags,20,20,100.0,CORE
performing_arts,entity_theme,20,20,100.0,CORE
performing_arts,industry_performing_arts,20,20,100.0,CORE
performing_arts,search_index,20,20,100.0,CORE
performing_arts,v_industry_facts_slugs,20,20,100.0,CORE
performing_arts,ai_data_completeness_audit_full,19,20,95.0,CORE
performing_arts,ai_entity_intent_tags_full,19,20,95.0,CORE
performing_arts,ai_entity_profiles_full,19,20,95.0,CORE
performing_arts,entity_completeness_v,19,20,95.0,CORE
performing_arts,entity_attributes,18,20,90.0,CORE
performing_arts,entity_google_maps_links,18,20,90.0,CORE
performing_arts,entity_modules,18,20,90.0,CORE
performing_arts,entity_photos,18,20,90.0,CORE
performing_arts,ai_photo_index_full,17,20,85.0,CORE
performing_arts,entity_google_reviews,17,20,85.0,CORE
performing_arts,entity_nearby_landmark_types,17,20,85.0,CORE
performing_arts,entity_nearby_landmarks,17,20,85.0,CORE
performing_arts,entity_reviews,17,20,85.0,CORE
performing_arts,entity_address_areas,12,20,60.0,CORE
performing_arts,entity_hours,7,20,35.0,COMMON
performing_arts,entity_events,4,20,20.0,COMMON
performing_arts,entity_sections,3,20,15.0,COMMON
performing_arts,entity_seo_keywords,3,20,15.0,COMMON
performing_arts,entity_sources,3,20,15.0,COMMON
performing_arts,legacy_photo_migration_queue,3,20,15.0,COMMON
performing_arts,entity_good_for,1,20,5.0,PARTIAL
performing_arts,entity_highlights,1,20,5.0,PARTIAL
performing_arts,entity_offer,1,20,5.0,PARTIAL
performing_arts,ai_event_planner_index_full,1,20,5.0,PARTIAL
performing_arts,ai_unified_search_items_full,1,20,5.0,PARTIAL
performing_arts,tourist_seen,1,20,5.0,PARTIAL
performing_arts,tourist_swipe_events,1,20,5.0,PARTIAL
transportation,entity,17,17,100.0,CORE
transportation,entity_completeness_v,17,17,100.0,CORE
transportation,entity_tags,17,17,100.0,CORE
transportation,entity_theme,17,17,100.0,CORE
transportation,industry_transportation,17,17,100.0,CORE
transportation,search_index,17,17,100.0,CORE
transportation,v_industry_facts_slugs,17,17,100.0,CORE
transportation,ai_data_completeness_audit_full,16,17,94.1,CORE
transportation,ai_entity_intent_tags_full,16,17,94.1,CORE
transportation,ai_entity_profiles_full,16,17,94.1,CORE
transportation,bookable_resources,16,17,94.1,CORE
transportation,bookable_resources_json_backup,16,17,94.1,CORE
transportation,entity_google_maps_links,16,17,94.1,CORE
transportation,entity_google_reviews,16,17,94.1,CORE
transportation,entity_items_norm_v,16,17,94.1,CORE
transportation,entity_items_v,16,17,94.1,CORE
transportation,entity_modules,16,17,94.1,CORE
transportation,entity_offer,16,17,94.1,CORE
transportation,entity_reviews,16,17,94.1,CORE
transportation,entity_nearby_landmarks,14,17,82.4,CORE
transportation,ai_photo_index_full,13,17,76.5,CORE
transportation,entity_photos,13,17,76.5,CORE
transportation,entity_nearby_landmark_types,12,17,70.6,CORE
transportation,entity_hours,11,17,64.7,CORE
transportation,entity_attributes,10,17,58.8,COMMON
transportation,entity_address_areas,9,17,52.9,COMMON
transportation,entity_sources,5,17,29.4,COMMON
transportation,legacy_photo_migration_queue,2,17,11.8,PARTIAL
photography,entity,13,13,100.0,CORE
photography,entity_completeness_v,13,13,100.0,CORE
photography,industry_photography,13,13,100.0,CORE
photography,search_index,13,13,100.0,CORE
photography,v_industry_facts_slugs,13,13,100.0,CORE
photography,entity_theme,12,13,92.3,CORE
photography,recovery_import_log,9,13,69.2,CORE
photography,entity_photos,2,13,15.4,COMMON
photography,entity_tags,2,13,15.4,COMMON
photography,entity_attributes,1,13,7.7,PARTIAL
photography,entity_conflicts,1,13,7.7,PARTIAL